Source,anio,anomalia_temp,precipitacion_mm
GISTEMP,1880,-0.1767,62.450712295168486
GISTEMP,1881,-0.0908,52.92603548243223
GISTEMP,1882,-0.1108,64.71532807151038
GISTEMP,1883,-0.1733,77.84544784612038
GISTEMP,1884,-0.2842,51.48769937914996
GISTEMP,1885,-0.3358,51.487945645762295
GISTEMP,1886,-0.3183,78.68819223261087
GISTEMP,1887,-0.3658,66.51152093729362
GISTEMP,1888,-0.18,47.95788421097572
GISTEMP,1889,-0.1092,63.13840065378947
GISTEMP,1890,-0.355,48.04873460781307
GISTEMP,1891,-0.2225,48.01405369644615
GISTEMP,1892,-0.2742,58.629434073490515
GISTEMP,1893,-0.3142,26.300796330133032
GISTEMP,1894,-0.3067,29.126232512304508
GISTEMP,1895,-0.2308,46.56568706138541
GISTEMP,1896,-0.1175,39.80753319498364
GISTEMP,1897,-0.1133,59.71370998892911
GISTEMP,1898,-0.2767,41.37963886718184
GISTEMP,1899,-0.175,33.81544447997062
GISTEMP,1900,-0.085,76.98473153382331
GISTEMP,1901,-0.1558,51.61335549270196
GISTEMP,1902,-0.2825,56.012923070318855
GISTEMP,1903,-0.37,33.62877720679815
GISTEMP,1904,-0.475,46.834259132122256
GISTEMP,1905,-0.2617,56.663838845647994
GISTEMP,1906,-0.2242,37.73509633866546
GISTEMP,1907,-0.3892,60.63547027518508
GISTEMP,1908,-0.4292,45.99041965121793
GISTEMP,1909,-0.4883,50.62459375310085
GISTEMP,1910,-0.4417,45.97440081655905
GISTEMP,1911,-0.4483,82.78417276763406
GISTEMP,1912,-0.37,54.79754162893099
GISTEMP,1913,-0.3475,39.13433606566149
GISTEMP,1914,-0.1508,67.33817368154783
GISTEMP,1915,-0.14,36.68734525043467
GISTEMP,1916,-0.3608,58.132953925071334
GISTEMP,1917,-0.4617,25.604948141803366
GISTEMP,1918,-0.3,35.07720926652354
GISTEMP,1919,-0.2775,57.952918538036855
GISTEMP,1920,-0.2758,66.07699869993115
GISTEMP,1921,-0.1908,57.57052421784956
GISTEMP,1922,-0.2825,53.265275764176394
GISTEMP,1923,-0.2642,50.48344456616067
GISTEMP,1924,-0.2683,32.82217014448859
GISTEMP,1925,-0.2217,44.20233687407937
GISTEMP,1926,-0.1092,48.09041843560319
GISTEMP,1927,-0.2192,70.85683339328374
GISTEMP,1928,-0.1992,60.15427434352692
GISTEMP,1929,-0.36,28.55439766955899
GISTEMP,1930,-0.1583,59.86125954092192
GISTEMP,1931,-0.0925,49.22376579375525
GISTEMP,1932,-0.1617,44.84616999541062
GISTEMP,1933,-0.2875,64.17514433261302
GISTEMP,1934,-0.1275,70.46499283743927
GISTEMP,1935,-0.2008,68.96920178674299
GISTEMP,1936,-0.1508,42.41173715166042
GISTEMP,1937,-0.0333,50.36181436223178
GISTEMP,1938,-0.0042,59.96895147105346
GISTEMP,1939,-0.0208,69.63317690683539
GISTEMP,1940,0.1208,47.81238643232065
GISTEMP,1941,0.1808,52.215115350042744
GISTEMP,1942,0.0625,38.40497538990958
GISTEMP,1943,0.085,37.05690063878994
GISTEMP,1944,0.2025,67.18788733591298
GISTEMP,1945,0.0925,75.34360042856234
GISTEMP,1946,-0.0758,53.91984817629499
GISTEMP,1947,-0.0283,70.05299346838036
GISTEMP,1948,-0.1075,60.424540375714514
GISTEMP,1949,-0.1108,45.323203680923136
GISTEMP,1950,-0.175,60.42093408262621
GISTEMP,1951,-0.0692,78.07054849698955
GISTEMP,1952,0.01,54.46260941335073
GISTEMP,1953,0.0792,78.4696548372101
GISTEMP,1954,-0.1325,15.703823438653835
GISTEMP,1955,-0.14,67.32853756562835
GISTEMP,1956,-0.1908,56.30570602357257
GISTEMP,1957,0.0475,50.51488974301199
GISTEMP,1958,0.06,56.37641164803254
GISTEMP,1959,0.0308,25.186466280986608
GISTEMP,1960,-0.025,51.70492168243732
GISTEMP,1961,0.0575,60.3566885726762
GISTEMP,1962,0.0308,77.16841067112274
GISTEMP,1963,0.0533,47.22594672589529
GISTEMP,1964,-0.1983,42.87259595660218
GISTEMP,1965,-0.1067,47.47364434623195
GISTEMP,1966,-0.0558,68.73103176553111
GISTEMP,1967,-0.0225,59.93126664489527
GISTEMP,1968,-0.0825,47.05359694349442
GISTEMP,1969,0.0525,62.699011496700344
GISTEMP,1970,0.0275,56.456163240220604
GISTEMP,1971,-0.08,69.52967485799334
GISTEMP,1972,0.0075,44.469203591839715
GISTEMP,1973,0.1608,50.085067801033475
GISTEMP,1974,-0.0708,49.118377703017636
GISTEMP,1975,-0.0133,33.04727577801822
GISTEMP,1976,-0.0975,59.44180415596864
GISTEMP,1977,0.1783,58.91582908269834
GISTEMP,1978,0.0667,55.07670184963691
GISTEMP,1979,0.1658,51.481192999372794
GISTEMP,1980,0.2542,33.769438869243785
GISTEMP,1981,0.3217,48.69032015851961
GISTEMP,1982,0.1383,49.85928225209846
GISTEMP,1983,0.3142,42.96584096167572
GISTEMP,1984,0.155,52.580714325009865
GISTEMP,1985,0.1175,61.060762852218076
GISTEMP,1986,0.18,83.29278851815795
GISTEMP,1987,0.3208,57.61866719247759
GISTEMP,1988,0.3875,58.86325586084146
GISTEMP,1989,0.2717,53.883311263507494
GISTEMP,1990,0.4467,26.21843177051438
GISTEMP,1991,0.4042,54.602291868261744
GISTEMP,1992,0.2217,55.9034531491154
GISTEMP,1993,0.2325,91.94863168727929
GISTEMP,1994,0.3142,52.114585528283165
GISTEMP,1995,0.4442,59.523210135004184
GISTEMP,1996,0.3308,54.47932345442135
GISTEMP,1997,0.4633,37.46982943570702
GISTEMP,1998,0.6075,72.14234221772531
GISTEMP,1999,0.3817,66.27899549030161
GISTEMP,2000,0.3933,66.8654792056457
GISTEMP,2001,0.5308,41.35918817807892
GISTEMP,2002,0.6275,76.04191466404149
GISTEMP,2003,0.6133,33.97223405811579
GISTEMP,2004,0.5308,63.80285640700406
GISTEMP,2005,0.6758,87.85683438714968
GISTEMP,2006,0.6392,40.14195512303968
GISTEMP,2007,0.6625,46.50553405595842
GISTEMP,2008,0.5425,56.49477047631462
GISTEMP,2009,0.6567,47.44786518825701
GISTEMP,2010,0.7233,31.74004853400801
GISTEMP,2011,0.6083,56.02844462209041
GISTEMP,2012,0.645,39.06544429410843
GISTEMP,2013,0.675,62.10388645952772
GISTEMP,2014,0.7483,41.20863648649295
GISTEMP,2015,0.8967,78.24901607526309
GISTEMP,2016,1.0117,43.251200614956446
GISTEMP,2017,0.9142,50.16907725691487
GISTEMP,2018,0.8492,67.20275826054504
GISTEMP,2019,0.9783,36.53703525349067
GISTEMP,2020,1.0083,58.41189901906194
GISTEMP,2021,0.8483,74.60714131423643
GISTEMP,2022,0.8925,30.88775148158159
GISTEMP,2023,1.1708,57.769507877984566
GISTEMP,2024,1.285,58.89824191372635
GISTEMP,2025,1.1925,66.72734307665965
